Describe Despicable Me?,cut to the chase
Describe Carell?,megalomaniacal Gru
Describe Despicable Me?,The Incredibles
Describe Incredibles?,The world of Despicable Me
Describe Gru?,Gru drives his ecological nightmare of a vehicle to get a cup of coffee
Describe Great Pyramid?,Great Pyramid of Giza
Describe Giza?,Great Pyramid
Describe Gru?,Gru has some monuments to his name
Describe Eiffel Tower?,Gru
Describe Statue?,Statue of Liberty
Describe Liberty?,Eiffel Tower and Statue of Liberty
Describe Vegas?,Eiffel Tower and Statue of Liberty
Describe Part?,the adoption of three orphaned sisters
Describe Cosgrove?,Edith  Gaier   and Agnes  Fisher
Describe Edith?,Gaier
Describe Agnes?,Margo  Cosgrove   Edith  Gaier   and Agnes  Fisher
Describe Gru?,Andrews
Describe Andrews?,Gru s belittling mother  Andrews plays deliciously against type  Gru
Describe Gru?,Andrews
Describe Minions?,Assemble the Minions  Gru
Describe Yellow?,Yellow  capletshaped  bespectacled beings swarm in excited enthusiasm
Describe Gru?,RussianHungarian goulash
Describe Gru?,inventor  Brand
Describe Brand?,Gru s hardofhearing inventor
Describe Gru?,inventor  Brand
Describe Bond?,Gru s hardofhearing inventor  Brand
Describe Carell?,vocal delivery is entertaining  Beneath the character s amusing accent
Describe Chris Meledandri?,Horton Hears a Who   Ice Age
Describe Horton?,Chris Meledandri  Horton
Describe Ice?,Mac Guff Ligne
Describe Meltdown?,Mac Guff Ligne
Describe CGI?,Mac Guff Ligne
Describe French?,Mac Guff Ligne
Describe Mac Guff Ligne?,special effects
Describe Pixar?,Pixar  of course  remains the gold standard for animated family films
Describe Spy?,Spy vs Spystyle antics of Despicable Me
Describe Despicable Me?,Spy vs Spystyle
Describe Despicable Me?,Spy vs Spystyle
Describe Austin Chronicle?,Bold and uncensored
Describe Austin?,The Austin Chronicle
Describe Austin?,independent  free press
Describe Chronicle Despicable Me?,Chris Renaud  Pierre Coffin Information is power
Describe Chris Renaud?,Support the Chronicle
Describe Pierre Coffin?,Support the Chronicle
Describe Austin?,Support the free press
Describe Chronicle Information?,power
Describe Austin?,Support the free press
Describe Chronicle?,Support the Chronicle
Describe Despicable Me?,cut to the chase
Describe Carell?,megalomaniacal Gru
Describe Despicable Me?,The Incredibles
Describe Incredibles?,The world of Despicable Me
Describe Gru?,Gru drives his ecological nightmare of a vehicle to get a cup of coffee
Describe Great Pyramid?,Great Pyramid of Giza
Describe Giza?,Great Pyramid
Describe Gru?,Gru has some monuments to his name
Describe Eiffel Tower?,Gru
Describe Statue?,Statue of Liberty
Describe Liberty?,Eiffel Tower and Statue of Liberty
Describe Vegas?,Eiffel Tower and Statue of Liberty
Describe Part?,the adoption of three orphaned sisters
Describe Cosgrove?,Edith  Gaier   and Agnes  Fisher
Describe Edith?,Gaier
Describe Agnes?,Margo  Cosgrove   Edith  Gaier   and Agnes  Fisher
Describe Gru?,Andrews
Describe Andrews?,Gru s belittling mother  Andrews plays deliciously against type  Gru
Describe Gru?,Andrews
Describe Minions?,Assemble the Minions  Gru
Describe Yellow?,Yellow  capletshaped  bespectacled beings swarm in excited enthusiasm
Describe Gru?,RussianHungarian goulash
Describe Gru?,inventor  Brand
Describe Brand?,Gru s hardofhearing inventor
Describe Gru?,inventor  Brand
Describe Bond?,Gru s hardofhearing inventor  Brand
Describe Carell?,vocal delivery is entertaining  Beneath the character s amusing accent
Describe Chris Meledandri?,Horton Hears a Who   Ice Age
Describe Horton?,Chris Meledandri  Horton
Describe Ice?,Mac Guff Ligne
Describe Meltdown?,Mac Guff Ligne
Describe CGI?,Mac Guff Ligne
Describe French?,Mac Guff Ligne
Describe Mac Guff Ligne?,special effects
Describe Pixar?,Pixar  of course  remains the gold standard for animated family films
Describe Spy?,Spy vs Spystyle antics of Despicable Me
Describe Despicable Me?,Spy vs Spystyle
Describe Despicable Me?,Spy vs Spystyle
Describe Austin Chronicle?,Bold and uncensored
Describe Austin?,The Austin Chronicle
Describe Austin?,independent  free press
Describe Chronicle Despicable Me?,Chris Renaud  Pierre Coffin Information is power
Describe Chris Renaud?,Support the Chronicle
Describe Pierre Coffin?,Support the Chronicle
Describe Austin?,Support the free press
Describe Chronicle Information?,power
Describe Austin?,Support the free press
Describe Chronicle?,Support the Chronicle
Describe Variety?,Variety Print Plus Subscriber Variety Print Plus
Describe PARIS?,animation festival
Describe Universal?,Variety Print Plus Subscriber
Describe Sammy?,Sammy s Adventures from Euro S3D pioneer Ben Stassen
Describe Adventures?,Euro S3D pioneer Ben Stassen
Describe Euro S3D?,Sammy s Adventures from Euro S3D pioneer Ben Stassen
Describe Ben Stassen?,50th Annecy Intl
Describe Annecy Intl?,50th
Describe Animation?,Animation Film Festival
Describe Film Festival?,Animation
Describe Universal?,Ent  Despicable Me bows
Describe Chris Meledandri?,Illumination Ent  Despicable Me bows
Describe U.S.?,US July 9
Describe Steve Carell?,Steve Carell  Me was animated at Paris Mac Guff
Describe Paris?,Paris Mac Guff
Describe Pierre Coffin?,Chris Renaud
Describe Chris Renaud?,Pierre Coffin
Describe France?,Pierre Coffin and Chris Renaud
Describe Stassen?,Brusselsbased NWave
Describe NWave?,Stassen s Brusselsbased NWave
Describe Moon?,Stassen s Brusselsbased NWave
Describe StudioCanal?,2009 s Cannes fest
Describe French?,films
Describe Annecy?,French connections
Describe Annecy?,Running June 712
Describe Fest?,Fest is embraced by European and US
Describe European?,US
Describe U.S.?,Fest is embraced by European and US
Describe U.S.?,France s Annecy
Describe Jeffrey Katzenberg?,Matt Groening  Nick Park
Describe Matt Groening?,Nick Park
Describe Nick Park?,Jeffrey Katzenberg  Matt Groening
Describe Peter Lord?,Aardman Animations  Israel s Ari Folman
Describe England?,Aardman
Describe Aardman Animations?,Israel s Ari Folman
Describe Israel?,Ari Folman
Describe Ari Folman?,Aardman Animations
Describe France?,France s Patrice Leconte
Describe Adventures?,Adventures on June 11
Describe Pixar?,stereoscopic
Describe Bob Whitehill?,Pixar stereoscopic
Describe Night?,Pixar stereoscopic supervisor Bob Whitehill
Describe Annecy?,Sylvain Chomet s The Illusionist
Describe Sylvain Chomet?,Annecy opens with Sylvain Chomet s The Illusionist
Describe Illusionist?,Sylvain Chomet s The Illusionist
Describe European?,Shrek Forever After
Describe Shrek Forever?,Annecy
Describe Mickael Marin?,Annecy s Intl
Describe Annecy?,Sylvain Chomet s The Illusionist
Describe Intl?,Mickael Marin
Describe Market?,Market of Animation Film
Describe Animation Film?,Allez Raconte  car race actioner Redline
Describe MIFA?,Market of Animation Film
Describe Annecy?,Market of Animation Film
Describe Allez Raconte?,Market of Animation Film
Describe Japan?,Takeshi Koike
Describe Takeshi Koike?,Redline
Describe Rainbow?,Croatia s Josko Marusic
Describe Croatia?,Josko Marusic
Describe Josko Marusic?,Croatia
Describe Competition?,Allez Raconte
Describe Toonpic?,Les Armateurs  The Secret of Kells  Kirikou
Describe Gallic?,Toonpic
Describe Les Armateurs?,Toonpic
Describe Secret?,Les Armateurs  The Secret of Kells  Kirikou
Describe Kells?,Kirikou
Describe Wild Beasts?,Ari Folman s The Futurological Congress
Describe Ari Folman?,The Futurological Congress
Describe Futurological?,Ari Folman s The Futurological Congress
Describe Annecy?,young talent
Describe Slovenia?,small Competition short from Slovenia
Describe Hewlett Packard?,computer software designers
Describe Serge Bromberg?,fest
Describe Annecy?,dystopiaset Metropia
Describe Competition?,Fantastic Mr Fox to dystopiaset Metropia
Describe Mr. Fox?,dystopiaset Metropia
Describe Venice Critics?,dystopiaset Metropia
Describe Secret?,France s Gaumont Alphanim
Describe France?,Gaumont Alphanim
Describe Gaumont Alphanim?,Eleanor s Secret  the flagship toon feature from France
Describe China?,Liu Jian  Summer Wars
Describe Liu Jian?,Summer Wars
Describe Japan?,One Piece Film  Strong World
Describe Mamoru Hosoda?,2Ddrawn Piercing 1  from China s Liu Jian  Summer Wars
Describe Sitges?,Animat Gertie Award
Describe Animat Gertie Award?,Sitges Animat Gertie Award last October
Describe Japanese?,One Piece Film  Strong World
Describe Piece Film?,Japanese blockbuster One Piece Film  Strong World
Describe Strong?,One Piece Film  Strong World
Describe Work?,Work in Progress
Describe Progress?,2Ddrawn Piercing 1  from China s Liu Jian  Summer Wars
Describe Chun Zhang?,Work in Progress
Describe Xuan Liang?,Da Hai
Describe Chinese?,Liu Jian  Summer Wars
Describe South?,2Ddrawn Piercing 1  from China s Liu Jian  Summer Wars
Describe Africa?,2Ddrawn Piercing 1  from China s Liu Jian  Summer Wars
Describe Bushveld?,S3D pics  Jock of the Bushveld
Describe Leconte?,Leconte s presentation of his first toonpic as a director
Describe Suicide Shop?,Stereoscopic 2D
Describe MIFA?,June 911
Describe Marin?,June 911
Describe Current?,up 10  vs 2009 to 1850
Describe Marin?,80
Describe Annecy?,Chinese Pavilion
Describe Chinese Pavilion?,MIFA
Describe MIFA?,Chinese Pavilion
Describe Ile?,Ile de France Film Comission stand have doubled to 21
Describe France?,Ile de France Film Comission stand have doubled to 21
Describe Competition?,Work in Progress showcase
Describe Progress?,Work in Progress showcase  has helped drive a MIFA attendance hike
Describe MIFA?,Work in Progress showcase
Describe Marin?,Work in Progress showcase
Describe Veillon?,Digital 3D
Describe Digital?,Veillon
Describe France?,Annecy fest
Describe Argentinean?,Veillon  Digital 3D
Describe Juan Pablo Zaramella?,Oscar Grillo
Describe Oscar Grillo?,Veillon  Digital 3D
Describe iHeartRadio Podcast The Business?,A Variety
Describe Variety?,Variety Print Plus Subscriber Variety Print Plus
Describe PARIS?,animation festival
Describe Universal?,Variety Print Plus Subscriber
Describe Sammy?,Sammy s Adventures from Euro S3D pioneer Ben Stassen
Describe Adventures?,Euro S3D pioneer Ben Stassen
Describe Euro S3D?,Sammy s Adventures from Euro S3D pioneer Ben Stassen
Describe Ben Stassen?,50th Annecy Intl
Describe Annecy Intl?,50th
Describe Animation?,Animation Film Festival
Describe Film Festival?,Animation
Describe Universal?,Ent  Despicable Me bows
Describe Chris Meledandri?,Illumination Ent  Despicable Me bows
Describe U.S.?,US July 9
Describe Steve Carell?,Steve Carell  Me was animated at Paris Mac Guff
Describe Paris?,Paris Mac Guff
Describe Pierre Coffin?,Chris Renaud
Describe Chris Renaud?,Pierre Coffin
Describe France?,Pierre Coffin and Chris Renaud
Describe Stassen?,Brusselsbased NWave
Describe NWave?,Stassen s Brusselsbased NWave
Describe Moon?,Stassen s Brusselsbased NWave
Describe StudioCanal?,2009 s Cannes fest
Describe French?,films
Describe Annecy?,French connections
Describe Annecy?,Running June 712
Describe Fest?,Fest is embraced by European and US
Describe European?,US
Describe U.S.?,Fest is embraced by European and US
Describe U.S.?,France s Annecy
Describe Jeffrey Katzenberg?,Matt Groening  Nick Park
Describe Matt Groening?,Nick Park
Describe Nick Park?,Jeffrey Katzenberg  Matt Groening
Describe Peter Lord?,Aardman Animations  Israel s Ari Folman
Describe England?,Aardman
Describe Aardman Animations?,Israel s Ari Folman
Describe Israel?,Ari Folman
Describe Ari Folman?,Aardman Animations
Describe France?,France s Patrice Leconte
Describe Adventures?,Adventures on June 11
Describe Pixar?,stereoscopic
Describe Bob Whitehill?,Pixar stereoscopic
Describe Night?,Pixar stereoscopic supervisor Bob Whitehill
Describe Annecy?,Sylvain Chomet s The Illusionist
Describe Sylvain Chomet?,Annecy opens with Sylvain Chomet s The Illusionist
Describe Illusionist?,Sylvain Chomet s The Illusionist
Describe European?,Shrek Forever After
Describe Shrek Forever?,Annecy
Describe Mickael Marin?,Annecy s Intl
Describe Annecy?,Sylvain Chomet s The Illusionist
Describe Intl?,Mickael Marin
Describe Market?,Market of Animation Film
Describe Animation Film?,Allez Raconte  car race actioner Redline
Describe MIFA?,Market of Animation Film
Describe Annecy?,Market of Animation Film
Describe Allez Raconte?,Market of Animation Film
Describe Japan?,Takeshi Koike
Describe Takeshi Koike?,Redline
Describe Rainbow?,Croatia s Josko Marusic
Describe Croatia?,Josko Marusic
Describe Josko Marusic?,Croatia
Describe Competition?,Allez Raconte
Describe Toonpic?,Les Armateurs  The Secret of Kells  Kirikou
Describe Gallic?,Toonpic
Describe Les Armateurs?,Toonpic
Describe Secret?,Les Armateurs  The Secret of Kells  Kirikou
Describe Kells?,Kirikou
Describe Wild Beasts?,Ari Folman s The Futurological Congress
Describe Ari Folman?,The Futurological Congress
Describe Futurological?,Ari Folman s The Futurological Congress
Describe Annecy?,young talent
Describe Slovenia?,small Competition short from Slovenia
Describe Hewlett Packard?,computer software designers
Describe Serge Bromberg?,fest
Describe Annecy?,dystopiaset Metropia
Describe Competition?,Fantastic Mr Fox to dystopiaset Metropia
Describe Mr. Fox?,dystopiaset Metropia
Describe Venice Critics?,dystopiaset Metropia
Describe Secret?,France s Gaumont Alphanim
Describe France?,Gaumont Alphanim
Describe Gaumont Alphanim?,Eleanor s Secret  the flagship toon feature from France
Describe China?,Liu Jian  Summer Wars
Describe Liu Jian?,Summer Wars
Describe Japan?,One Piece Film  Strong World
Describe Mamoru Hosoda?,2Ddrawn Piercing 1  from China s Liu Jian  Summer Wars
Describe Sitges?,Animat Gertie Award
Describe Animat Gertie Award?,Sitges Animat Gertie Award last October
Describe Japanese?,One Piece Film  Strong World
Describe Piece Film?,Japanese blockbuster One Piece Film  Strong World
Describe Strong?,One Piece Film  Strong World
Describe Work?,Work in Progress
Describe Progress?,2Ddrawn Piercing 1  from China s Liu Jian  Summer Wars
Describe Chun Zhang?,Work in Progress
Describe Xuan Liang?,Da Hai
Describe Chinese?,Liu Jian  Summer Wars
Describe South?,2Ddrawn Piercing 1  from China s Liu Jian  Summer Wars
Describe Africa?,2Ddrawn Piercing 1  from China s Liu Jian  Summer Wars
Describe Bushveld?,S3D pics  Jock of the Bushveld
Describe Leconte?,Leconte s presentation of his first toonpic as a director
Describe Suicide Shop?,Stereoscopic 2D
Describe MIFA?,June 911
Describe Marin?,June 911
Describe Current?,up 10  vs 2009 to 1850
Describe Marin?,80
Describe Annecy?,Chinese Pavilion
Describe Chinese Pavilion?,MIFA
Describe MIFA?,Chinese Pavilion
Describe Ile?,Ile de France Film Comission stand have doubled to 21
Describe France?,Ile de France Film Comission stand have doubled to 21
Describe Competition?,Work in Progress showcase
Describe Progress?,Work in Progress showcase  has helped drive a MIFA attendance hike
Describe MIFA?,Work in Progress showcase
Describe Marin?,Work in Progress showcase
Describe Veillon?,Digital 3D
Describe Digital?,Veillon
Describe France?,Annecy fest
Describe Argentinean?,Veillon  Digital 3D
Describe Juan Pablo Zaramella?,Oscar Grillo
Describe Oscar Grillo?,Veillon  Digital 3D
Describe iHeartRadio Podcast The Business?,A Variety
Describe NYTimes?,NYTimescom and NYTimes apps
Describe NYTimes?,NYTimescom and NYTimes apps
Describe Movie?,Movie Review  Despicable Me 2
Describe Times?,Stephen Holden
Describe Stephen Holden?,Movie Review  Despicable Me 2   The Times
Describe Looney?,Despicable Me 2
Describe Gru?,jams and jellies
Describe Gru?,Steve Carell   Margo
Describe Steve Carell?,Despicable Me 2 From left
Describe Margo?,Gru  Steve Carell   Margo
Describe Miranda Cosgrove?,Agnes  Elsie Fisher
Describe Agnes?,Elsie Fisher
Describe Elsie Fisher?,Miranda Cosgrove   Agnes  Elsie Fisher
Describe Edith?,Edith  Dana Gaier
Describe Dana Gaier?,Despicable Me 2
Describe Gru?,Gru must rescue his legion of obedient yellow Minions
Describe Pierre Coffin?,Chris Renaud
Describe Chris Renaud?,Pierre Coffin
Describe Ken Daurio?,Despicable Me is consistently diverting
Describe Cinco Paul?,Despicable Me
Describe American?,puffedup Latin American
Describe Gru?,Steve Carell
Describe Steve Carell?,beaky  Shreklike
Describe Gru?,world s worst bad guy in the original movie
Describe Gru?,multinational accent
Describe Russell Brand?,jamandjelly
Describe Gru?,Gru is hired by the AntiVillain League
Describe Arctic Circle?,research lab
Describe Gru?,nononsense Lucy  Kristen Wiig
Describe Lucy?,Kristen Wiig
Describe Kristen Wiig?,nononsense
Describe Eduardo?,Salsa  Salsa
Describe Benjamin Bratt?,Salsa  Salsa
Describe Mexican?,Salsa  Salsa
Describe Salsa?,Eduardo  Benjamin Bratt
Describe Salsa?,Eduardo  Benjamin Bratt
Describe El Macho?,outlaw who supposedly died while riding a shark into an active volcano
Describe Eduardo?,Arias
Describe Antonio?,Arias
Describe Moises Arias?,Eduardo s son
Describe Valentino?,Margo  Miranda Cosgrove
Describe Gru?,Margo  Miranda Cosgrove
Describe Margo?,Margo  Miranda Cosgrove
Describe Miranda Cosgrove?,Margo  Miranda Cosgrove
Describe Gru?,magnet of his legion of cute  obedient yellow Minions
Describe Margo?,an antidote to the serum
Describe Gru?,Gru s youngest daughter  Agnes  Elsie Fisher
Describe Agnes?,Gru s youngest daughter  Agnes  Elsie Fisher
Describe Elsie Fisher?,Gru s youngest daughter
Describe Lucy?,Agnes  Elsie Fisher
Describe Despicable?,PG  Parental guidance suggested  for rude humor
Describe Parental?,rude humor
Describe Chris Renaud?,Directed
Describe Pierre Coffin?,Cinco Paul and Ken Daurio
Describe Cinco Paul?,Directed by Chris Renaud and Pierre Coffin
Describe Ken Daurio?,Gregory Perler
Describe Gregory Perler?,Ken Daurio
Describe Pharrell Williams?,Heitor Pereira
Describe Heitor Pereira?,Yarrow Cheney and Eric Guillon
Describe Yarrow Cheney?,Heitor Pereira
Describe Eric Guillon?,Chris Meledandri and Janet Healy
Describe Chris Meledandri?,Eric Guillon
Describe Janet Healy?,Universal Pictures
Describe Universal Pictures?,Janet Healy
Describe THE?,VOICES
Describe VOICES?,Steve Carell
Describe Steve Carell?,WITH THE VOICES
Describe Kristen Wiig?,Steve Carell  Gru
Describe Lucy?,Steve Carell  Gru   Kristen Wiig
Describe Benjamin Bratt?,EduardoEl Macho
Describe Miranda Cosgrove?,EduardoEl Macho
Describe Margo?,Miranda Cosgrove  Margo
Describe Russell Brand?,Dr Nefario   Steve Coogan
Describe Steve Coogan?,Silas Ramsbottom
Describe Silas Ramsbottom?,Steve Coogan
Describe Ken Jeong?,Floyd
Describe Floyd?,Elsie Fisher  Agnes   Dana Gaier  Edith
Describe Elsie Fisher?,Agnes   Dana Gaier  Edith
Describe Agnes?,Elsie Fisher  Agnes   Dana Gaier  Edith
Describe Dana Gaier?,Edith
Describe Moises Arias?,Moises Arias  Antonio
Describe Antonio?,Moises Arias
Describe Tech?,The central bank
Describe Yucca Mountain?,billions
Describe Gru?,Blofeldsized supervillain
Describe Gru?,2010 s Despicable Me
Describe Steve Carell?,Euroevil panache
Describe Despicable?,Me 2
Describe Gru?,twotone time release capsules with goggles
Describe Minions?,center stage
Describe Madagascar?,Madagascar penguins
Describe Pizza Planet?,little green men
Describe Gru?,a new screwball partner
Describe Butt?,Minions
Describe Al Pacino?,nt
Describe Pacino?,nt
Describe Tony Montana?,Pacino did nt
Describe Benjamin Bratt?,Pacino
Describe Gru?,AntiVillain League
Describe Silas Ramsbottom?,big laugh for the kiddies
Describe Gru?,dressing in drag
Describe Kristen Wiig?,singsong neuroses
Describe AVL?,Kristen Wiig s singsong neuroses
Describe Lucy Wilde?,Kristen Wiig s singsong neuroses
Describe Gru?,someone who ll make him a better man  and a partner for parenthood
Describe Wiig?,Carell would make a terrific romcom coupling in the flesh
Describe Carell?,Wiig
Describe Steve?,persall  tampabaycom or  727  8938365
Describe Follow?,StevePersall
Describe Gru?,Blofeldsized supervillain
Describe Gru?,2010 s Despicable Me
Describe Steve Carell?,Euroevil panache
Describe Despicable?,Me 2
Describe Gru?,twotone time release capsules with goggles
Describe Minions?,center stage
Describe Madagascar?,Madagascar penguins
Describe Pizza Planet?,little green men
Describe Gru?,a new screwball partner
Describe Butt?,Minions
Describe Al Pacino?,nt
Describe Pacino?,nt
Describe Tony Montana?,Pacino did nt
Describe Benjamin Bratt?,Pacino
Describe Gru?,AntiVillain League
Describe Silas Ramsbottom?,big laugh for the kiddies
Describe Gru?,dressing in drag
Describe Kristen Wiig?,singsong neuroses
Describe AVL?,Kristen Wiig s singsong neuroses
Describe Lucy Wilde?,Kristen Wiig s singsong neuroses
Describe Gru?,someone who ll make him a better man  and a partner for parenthood
Describe Wiig?,Carell would make a terrific romcom coupling in the flesh
Describe Carell?,Wiig
Describe Steve?,persall  tampabaycom or  727  8938365
Describe Follow?,StevePersall
Describe Please?,modern and uptodate browser version for the best experience
Describe Chrome?,Firefox
Describe Firefox?,Chrome
Describe Safari?,Chrome Firefox
Describe Studio?,Oliver Stone thriller Savages
Describe Oliver Stone?,Savages
Describe Tom Cruise?,Oblivion Universal
Describe Universal?,Oblivion Universal
Describe Oliver Stone?,Savages   Sept 28  2012
Describe Tom Cruise?,Oblivion
Describe Universal?,onesheet
Describe Oliver Stone?,Universal onesheet
Describe Savages?,2012
Describe Don Winslow?,Universal onesheet
Describe New York?,Universal onesheet
Describe Times?,New York Times Top 10 Books of 2010
Describe Blake?,Taylor Kitsch
Describe Ophelia?,Blake Lively stars as Ophelia  the girlfriend to two Laguna Beach entrepreneurs
Describe Laguna Beach?,Taylor Kitsch
Describe Taylor Kitsch?,Laguna Beach entrepreneurs
Describe Aaron Johnson?,environmentalist
Describe Mexican?,Ophelia is kidnapped
Describe Ophelia?,Ophelia is kidnapped
Describe Benicio Del Toro?,Filling out the stellar cast
Describe Salma Hayek?,Benicio Del Toro
Describe John Travolta?,Uma Thurman
Describe Uma Thurman?,Benicio Del Toro  Salma Hayek  John Travolta
Describe Emile Hirsch?,Filling out the stellar cast
Describe DESPICABLE?,DESPICABLE ME 2  Wednesday  July 3  2013
Describe Chris?,Illumination Entertainment
Describe Meledandri?,Illumination Entertainment
Describe Illumination?,Chris Meledandri and his acclaimed filmmaking team
Describe OBLIVION?,Tom Cruise stars in the ambitious fantasyadventure Oblivion
Describe Tom Cruise?,Oblivion
Describe Oblivion?,Joseph Kosinski  TRON  Legacy
Describe Joseph Kosinski?,Oblivion
Describe TRON?,Oblivion
Describe Please?,fill out this field
Describe Photo?,Corina Marie for TheWrap
Describe Corina Marie?,TheWrap
Describe TheWrap?,Terms of Service and Privacy Policy
Describe Service?,Corina Marie for TheWrap
Describe Privacy Policy?,Corina Marie for TheWrap
Describe Studio?,Oliver Stone thriller Savages
Describe Oliver Stone?,Savages
Describe Tom Cruise?,Oblivion Universal
Describe Universal?,Oblivion Universal
Describe Oliver Stone?,Savages   Sept 28  2012
Describe Tom Cruise?,Oblivion
Describe Universal?,onesheet
Describe Oliver Stone?,Universal onesheet
Describe Savages?,2012
Describe Don Winslow?,Universal onesheet
Describe New York?,Universal onesheet
Describe Times?,New York Times Top 10 Books of 2010
Describe Blake?,Taylor Kitsch
Describe Ophelia?,Blake Lively stars as Ophelia  the girlfriend to two Laguna Beach entrepreneurs
Describe Laguna Beach?,Taylor Kitsch
Describe Taylor Kitsch?,Laguna Beach entrepreneurs
Describe Aaron Johnson?,environmentalist
Describe Mexican?,Ophelia is kidnapped
Describe Ophelia?,Ophelia is kidnapped
Describe Benicio Del Toro?,Filling out the stellar cast
Describe Salma Hayek?,Benicio Del Toro
Describe John Travolta?,Uma Thurman
Describe Uma Thurman?,Benicio Del Toro  Salma Hayek  John Travolta
Describe Emile Hirsch?,Filling out the stellar cast
Describe DESPICABLE?,DESPICABLE ME 2  Wednesday  July 3  2013
Describe Chris?,Illumination Entertainment
Describe Meledandri?,Illumination Entertainment
Describe Illumination?,Chris Meledandri and his acclaimed filmmaking team
Describe OBLIVION?,Tom Cruise stars in the ambitious fantasyadventure Oblivion
Describe Tom Cruise?,Oblivion
Describe Oblivion?,Joseph Kosinski  TRON  Legacy
Describe Joseph Kosinski?,Oblivion
Describe TRON?,Oblivion
Describe Gru?,Gru is turning back to the dark side
Describe Despicable?,Steve Carell
Describe Steve Carell?,The latest trailer for Despicable Me 3
Describe Dru?,lures Gru back into the world of villainy
Describe Gru?,Steve Carell
Describe South Park?,South Park creator Trey Parker
Describe Trey Parker?,South Park
Describe Gru?,South Park creator Trey Parker
Describe Balthazar Bratt?,South Park creator Trey Parker
Describe Bratt?,adult
Describe Despicable?,Chris Meledandri
Describe Chris Meledandri?,Despicable Me 3
Describe EW?,Chris Meledandri
Describe Mutinous New Minion As?,EW learned from codirector Kyle Balda
Describe EW?,Kyle Balda  there s a new face on the jail block
Describe Kyle Balda?,a new face on the jail block
Describe Mel?,Kyle Balda
Describe Gru?,Preach
Describe Mel?,when that doesn t come to fruition
Describe Kristen?,Kristen Wiig
Describe Wiig?,Lucy
Describe Lucy?,Kristen Wiig
Describe Agnes?,Kristen Wiig returns as the voice of Lucy with the girls  Agnes  Margo
Describe Margo?,Kristen Wiig returns as the voice of Lucy with the girls  Agnes  Margo
Describe Edith?,Kristen Wiig
Describe Pierre Coffin?,Despicable Me 3
Describe Eric Guillon?,Despicable Me 3
Describe Despicable Me?,exvillain
Describe Illumination Entertainment?,unabashed cash grab by Illumination Entertainment
Describe Gru?,Gru  Steve Carell
Describe Steve Carell?,Gru  Steve Carell  fumblingly foiling a diamond heist
Describe Trey Parker?,starturnedpsychopath
Describe Hollywood?,Trey Parker
Describe Gru?,Dru  also voiced by Carell
Describe Dru?,Carell   his longlost twin brother
Describe Carell?,longlost twin brother
Describe Dru?,some sort of wit
Describe Despicable?,Me 3
Describe Carell?,humorous fake accent
Describe Simply?,Animated mediocrity
Describe Francis Joseph Cruz?,Rapplercom
Describe Carlo J. Caparas?,Philippine cinema
Describe Philippine?,better memories with Philippine cinema
Describe Error?,Error
Describe Please?,Rappler s commenting guidelines
Describe Rappler?,Please abide by Rappler s commenting guidelines
Describe JOIN?,OUR NEWSLETTER
Describe Variety?,Variety Print Plus Subscriber Variety Print Plus
Describe Hollywood?,Variety Print Plus Subscriber Embraced by Hollywood
Describe John Hopewell?,Chief International Correspondent Illumination Mac Guff
Describe China?,DisneyPixar s Coco
Describe Fox?,The Big Bad Fox
Describe Tales?,Annecy Intl
Describe France?,Variety Print Plus Subscriber Variety Print Plus
Describe Annecy Intl?,France s thriving
Describe Animation?,Animation Film Festival  a Mecca for animation companies and creatives from Hollywood
Describe Film Festival?,Animation Film Festival  a Mecca for animation companies and creatives from Hollywood
Describe Hollywood?,Animation Film Festival  a Mecca for animation companies and creatives from Hollywood
Describe International Animation Film Market?,MIFA  will add an extra day  kicking in June 13
Describe MIFA?,International Animation Film Market
Describe MIFA?,2900
Describe MIFA?,2900
Describe Mickael Marin?,2850
Describe Annecy?,lake
Describe Africa?,Africa  Marin
Describe Marin?,delegate numbers have now grown 13 years in a row  since 2005
Describe MIFA?,2005
Describe Europe?,Africa  Marin
Describe Patrick?,CEO
Describe Eveno?,CEO of the Annecy Festival s Citia organization
Describe CEO?,Patrick Eveno
Describe Annecy Festival?,5  to 10
Describe Citia?,Annecy Festival s Citia organization  added that he expected 5  to 10
Describe Annecy?,Annecy Festival s Citia organization  added that he expected 5  to 10
Describe Annecy Festival?,Despicable Me 3
Describe Chris Meledandri?,Despicable Me 3
Describe French?,Despicable Me 3
Describe Minions?,27 billion
Describe Director?,Director Lee Unkrich and producer Darla K Anderson
Describe Lee Unkrich?,Director Lee Unkrich and producer Darla K Anderson
Describe Darla K. Anderson?,Adrian Molina  footage from Coco
Describe Adrian Molina?,what new footage they might show
Describe Dave Mullins?,Dana Murray
Describe Dana Murray?,Pixar short Lost  fOUnd
Describe Pixar?,Lost  fOUnd
Describe Lost?,Pixar short Lost  fOUnd
Describe SXSW Festival?,Pixar short Lost  fOUnd
Describe Annecy?,Cars 3
Describe U.S.?,Cars 3
Describe Annecy?,Cars 3
Describe Mifa Campus?,Guillermo del Toro
Describe Eric Coleman?,Disney Television Animation  vet Disney directoranimator Glen Keane
Describe VP?,Eric Coleman
Describe Disney Television Animation?,Glen Keane
Describe Disney?,Disney Television Animation  vet
Describe Glen Keane?,Disney Television Animation  vet Disney
Describe Japan?,Japan s Go Nagai
Describe Go Nagai?,Mazinger Z
Describe Hollywood?,raised ambitions and production volume
Describe Kristine Belson?,president of Sony Pictures Animation
Describe Sony Pictures Animation?,Kristine Belson  president
Describe Allison Abbate?,EVP Theatrical Animation
Describe EVP Theatrical?,Allison Abbate  EVP Theatrical Animation at Warner Animation Group
Describe Warner Animation Group?,Allison Abbate  EVP Theatrical Animation
Describe Annecy?,Annecy s Work in Progress
Describe Progress?,Annecy s Work in Progress section looks particularly rich
Describe Nora Twomey?,Cartoon Saloon  The Book of Kells
Describe Breadwinner?,Ireland s Cartoon Saloon  The Book of Kells
Describe Ireland?,Ireland s Cartoon Saloon  The Book of Kells
Describe Cartoon Saloon?,The Book of Kells
Describe Book?,Cartoon Saloon  The Book of Kells
Describe Kells?,Cartoon Saloon  The Book of Kells
Describe Twomey?,Twomey codirected  The Song of the Sea
Describe Song?,The Song of the Sea
Describe Sea?,The Song of the Sea
Describe Jorge?,Jorge R Gutierrez
Describe Book?,The Book of Life
Describe Life?,The Book of Life
Describe Mexico?,Mexico s Day of the Dead and its core beliefs which grossed  100 million worldwide
Describe Dead?,Mexico s Day of the Dead
Describe Kung Fu Space Punch?,Dallasbased Reel FX Animation Studios
Describe Reel FX Animation Studios?,Dallasbased
Describe Gutierrez?,Jorge R Gutierrez  director of the vibrant The Book of Life
Describe Reel FX?,Dallasbased Reel FX Animation Studios
Describe Annecy?,Zombillenium
Describe French-Belgian?,Zombillenium
Describe Cannes?,Zombillenium
Describe Arthur Pins?,ravedabout comic book series
Describe Alexis Ducord?,ravedabout comic book series
Describe Pins?,ravedabout comic book series
Describe French?,Studiocanal  Folivari  ON Animation Studios
Describe Annecy?,Studiocanal  Folivari  ON Animation Studios
Describe Studiocanal?,Folivari  ON Animation Studios
Describe Folivari?,ON Animation Studios
Describe Les?,Armateurs
Describe Armateurs?,Ankama
Describe Ankama?,Les Armateurs
Describe Europe?,Studiocanal
Describe Studiocanal?,animation drivers  Studiocanal is distributing and selling two titles at Annecy
Describe Annecy?,The Big Bad Fox
Describe Fox?,The Big Bad Fox
Describe Tales?,Didier Brunner s Folivari
Describe Didier Brunner?,s Folivari
Describe Folivari?,Didier Brunner s Folivari
Describe Benjamin Renner?,Joann Sfar  Gainsbourg
Describe Academy?,Joann Sfar  Gainsbourg
Describe Celestine?,Joann Sfar  Gainsbourg
Describe Petit Vampire?,Joann Sfar  Gainsbourg
Describe Joann Sfar?,Work in Progress
Describe Autochenille?,Work in Progress
Describe Sfar?,Joann Sfar  Gainsbourg
Describe Progress?,Joann Sfar  Gainsbourg
Describe Looney?,not that it does him much good
Describe Toons?,Looney Toons meets Miyazaki
Describe Miyazaki?,Looney Toons
Describe Fox?,The Big Bad Fox
Describe Annecy?,The Big Bad Fox
Describe Celluloid?,Dreamssold Mutafukaz
Describe French?,Celluloid Dreamssold Mutafukaz
Describe Ankama?,Gallic gamingcomicbook company
Describe Gallic?,Ankama
Describe MMORPGs?,Wakfu
Describe Japan?,Guillaume Run Renard
Describe France?,Guillaume Run Renard
Describe Guillaume?,Guillaume Run Renard
Describe Renard?,Guillaume Run Renard
Describe Japan?,Guillaume Run Renard
Describe Shoujirou Nishimi?,Guillaume Run Renard
Describe Nishimi?,Batman  Gotham Knight
Describe Gotham Knight?,Nishimi s Batman
Describe Studios?,Guillaume Run Renard
Describe Tekkon Kinkreet?,scifi action movie
Describe Latino?,Latino barrio of Dark Meat City
Describe Dark Meat City?,Latino barrio
Describe Mexican?,messianic Mexican wrestlers
Describe Magical Garden?,Tall Tales  The Magical Garden of Antoon Krings
Describe Antoon Krings?,Tall Tales
Describe French?,French animation leader ON Animation Studios
Describe Little Prince?,Playmobil  headed by Aton Soumache and Dimitri Rassam
Describe Aton Soumache?,The Little Prince  Playmobil
Describe Dimitri Rassam?,Aton Soumache
Describe French?,Les Armateurs
Describe Les Armateurs?,WIP TV Un Homme est mort
Describe WIP?,TV Un Homme est mort
Describe France?,1950
Describe Arte France?,1950
Describe France?,CNC filmTV board
Describe CNC?,France s CNC filmTV board
Describe French?,CNC filmTV board
Describe CNC?,France s CNC filmTV board
Describe France?,CNC filmTV board
Describe France?,Animated Feature Producers Union  SPFA
Describe Animated Feature Producers Union?,animation sector employees total income will rise 30
Describe SPFA?,France s Animated Feature Producers Union
Describe Europe?,France s Animated Feature Producers Union  SPFA
Describe Annecy Fest?,2017
Describe China?,2017
Describe Annecy?,2017
Describe Chinese?,2017
Describe Annecy?,2017
Describe MIFA?,2017
Describe Chinese?,2017
Describe China?,2017
Describe Annecy Festival?,Have a New Day  Liu Jian s stylish hitman movie
Describe Chinese?,Chinese authorities refused to grant the film an exit visa
Describe New?,Annecy Festival s
Describe Jian?,New Day  Liu Jian s stylish hitman movie
Describe Chinese?,Chinese authorities refused to grant the film an exit visa
Describe Annecy?,moot and unanswered
Describe Chris Appelhans?,Chris Bremble s Beijingbased VFX house Base
Describe Chris Bremble?,Beijingbased VFX house Base FX
Describe VFX?,Beijingbased VFX house Base FX
Describe Base FX?,Chris Bremble s Beijingbased VFX house Base FX
Describe Annecy?,Annecy s Works in Progress section
Describe Progress?,Annecy s Works in Progress section
Describe MIFA?,Pitching Sessions
Describe Oscar?,MIFA Pitching Sessions
Describe Hoo?,Annecy s Works in Progress section
Describe Michael Dudok?,de Wit
Describe Hedgehog?,Annecy s Works in Progress section
Describe Academy Award?,Alain Gagnol
Describe Alain Gagnol?,Academy Award nominated
Describe Paris?,Annecy s Works in Progress section
Describe U.S.?,Blue Dream Studios Animal Crackers
Describe Blue Dream Studios?,Animal Crackers
Describe Scott Christian Sava?,Blue Dream Studios Animal Crackers
Describe Tony Bancrofta?,Blue Dream Studios Animal Crackers directed by Scott Christian Sava
Describe Jaime Maestro?,Annecy Competition
Describe Annecy?,Blue Dream Studios Animal Crackers
Describe British?,Ethel  Ernest  from Roger Mainwood
Describe Ernest?,Roger Mainwood
Describe Roger Mainwood?,Ethel  Ernest
Describe Raymond Briggs?,Jim Broadbent and Brenda Blethyn
Describe Jim Broadbent?,his parents  voiced by Jim Broadbent and Brenda Blethyn
Describe Brenda Blethyn?,Jim Broadbent
Describe Annecy?,Naoko Yamada s My Silent Voice
